<?xml version="1.0" encoding="UTF-8" standalone="no"?><xmap-content xmlns="urn:xmind:xmap:xmlns:content:2.0" xmlns:fo="http://www.w3.org/1999/XSL/Format" xmlns:svg="http://www.w3.org/2000/svg" xmlns:xhtml="http://www.w3.org/1999/xhtml" xmlns:xlink="http://www.w3.org/1999/xlink" modified-by="Diogoxiang" timestamp="1541684742721" version="2.0"><sheet id="0skk5jcl08fdsggnd5udta6c7f" modified-by="Diogoxiang" theme="2hn9jsh69qfg992tok1m2jd1bc" timestamp="1541684742721"><topic id="4hvc255bt7frkdor8a0igt99gj" modified-by="Diogoxiang" structure-class="org.xmind.ui.map.unbalanced" timestamp="1541684742721"><title>中心主题</title><children><topics type="attached"><topic id="5rvulg9tvma02p1ei1s4c8ip7p" modified-by="Diogoxiang" timestamp="1541684742717"><title>分支主题 1</title></topic><topic id="1p0fb089d3alqjc0ul162effs0" modified-by="Diogoxiang" timestamp="1541684742717"><title>分支主题 2</title></topic><topic id="09gkj8p5f799h01k2gkgp6ngj0" modified-by="Diogoxiang" timestamp="1541684742717"><title>分支主题 3</title></topic><topic id="01rkj23sf9m931jrfnjgsq73sh" modified-by="Diogoxiang" timestamp="1541684742717"><title>分支主题 4</title></topic><topic id="6ste0tdclarsidaqkv06b00c2p" modified-by="Diogoxiang" timestamp="1541684742717"><title>分支主题 5</title></topic><topic id="4l73137pnplp7ihraduice5dsh" modified-by="Diogoxiang" timestamp="1541684742717"><title>分支主题 6</title></topic><topic id="7n1p24qd3kham5pvhrf9v8ba3c" modified-by="Diogoxiang" timestamp="1541684742717"><title>分支主题 7</title></topic><topic id="3lec9447ecvdmfsm3q7hfbe7l5" modified-by="Diogoxiang" timestamp="1541684742717"><title>分支主题 8</title></topic></topics></children><extensions><extension provider="org.xmind.ui.map.unbalanced"><content><right-number>3</right-number></content></extension></extensions></topic><title>画布 1</title></sheet></xmap-content>