<?xml version="1.0" encoding="UTF-8" standalone="no"?><xmap-styles xmlns="urn:xmind:xmap:xmlns:style:2.0" xmlns:fo="http://www.w3.org/1999/XSL/Format" xmlns:svg="http://www.w3.org/2000/svg" version="2.0"><automatic-styles><style id="5lqlbkqcuiegul1pql1t6456ja" name="" type="topic"><topic-properties border-line-color="#558ED5" border-line-width="3pt" fo:font-family="Open Sans" line-class="org.xmind.branchConnection.roundedElbow" line-color="#558ED5" line-width="1pt"/></style><style id="2vnudpe950sr7rkaeb0n518qmp" name="" type="summary"><summary-properties line-color="#C3D69B" line-width="5pt" shape-class="org.xmind.summaryShape.square"/></style><style id="6cu04ge2nl6im4isoaei96q03o" name="" type="boundary"><boundary-properties fo:color="#FFFFFF" fo:font-family="Georgia" fo:font-size="10pt" fo:font-style="italic" line-color="#77933C" line-pattern="dot" line-width="3pt" shape-class="org.xmind.boundaryShape.roundedRect" svg:fill="#C3D69B" svg:opacity=".2"/></style><style id="7i7nr1794mma7b7k0kvno5giqs" name="" type="topic"><topic-properties border-line-color="#F1BD51" border-line-width="2pt" fo:font-family="Open Sans" svg:fill="#FBF09C"/></style><style id="4mfcogb509bdk5v9pgel7hiv6v" name="" type="topic"><topic-properties border-line-color="#558ED5" border-line-width="5pt" fo:color="#376092" fo:font-family="Open Sans" line-class="org.xmind.branchConnection.curve" line-color="#558ED5" line-width="1pt" shape-class="org.xmind.topicShape.roundedRect" svg:fill="#DCE6F2"/></style><style id="6qmom8ephj63oh8i874vcs4gn0" name="" type="topic"><topic-properties border-line-color="#558ED5" border-line-width="2pt" fo:color="#17375E" fo:font-family="Open Sans" line-class="org.xmind.branchConnection.curve" line-color="#558ED5" line-width="1pt" shape-class="org.xmind.topicShape.roundedRect" svg:fill="#DCE6F2"/></style><style id="0pq9fi1k4o87af73iredi6rda3" name="" type="topic"><topic-properties border-line-width="0pt" fo:color="#FFFFFF" fo:font-family="Georgia" fo:font-size="10pt" fo:font-style="italic" shape-class="org.xmind.topicShape.roundedRect" svg:fill="#77933C"/></style><style id="7njau80etsuadqfbsq7m620nmv" name="" type="topic"><topic-properties border-line-width="0pt" fo:color="#FFFFFF" fo:font-family="Open Sans" fo:font-weight="bold" line-color="#558ED5" svg:fill="#558ED5"/></style><style id="5jlnq990j0d8ddlh77rkedtu40" name="" type="relationship"><relationship-properties arrow-end-class="org.xmind.arrowShape.triangle" fo:color="#595959" fo:font-family="Georgia" fo:font-size="10pt" fo:font-style="italic" fo:font-weight="normal" fo:text-decoration="none" line-color="#77933C" line-pattern="dash" line-width="3pt"/></style><style id="5un7ktnu5jdgselcqlaqoms79t" name="" type="map"><map-properties color-gradient="none" line-tapered="none" multi-line-colors="none" svg:fill="#FFFFFF"/></style></automatic-styles><master-styles><style id="2hn9jsh69qfg992tok1m2jd1bc" name="专业" type="theme"><theme-properties><default-style style-family="subTopic" style-id="5lqlbkqcuiegul1pql1t6456ja"/><default-style style-family="summary" style-id="2vnudpe950sr7rkaeb0n518qmp"/><default-style style-family="boundary" style-id="6cu04ge2nl6im4isoaei96q03o"/><default-style style-family="calloutTopic" style-id="7i7nr1794mma7b7k0kvno5giqs"/><default-style style-family="centralTopic" style-id="4mfcogb509bdk5v9pgel7hiv6v"/><default-style style-family="mainTopic" style-id="6qmom8ephj63oh8i874vcs4gn0"/><default-style style-family="summaryTopic" style-id="0pq9fi1k4o87af73iredi6rda3"/><default-style style-family="floatingTopic" style-id="7njau80etsuadqfbsq7m620nmv"/><default-style style-family="relationship" style-id="5jlnq990j0d8ddlh77rkedtu40"/><default-style style-family="map" style-id="5un7ktnu5jdgselcqlaqoms79t"/></theme-properties></style></master-styles></xmap-styles>